{
  "accuracy": 0.99575,
  "precision": 0.9969864389753893,
  "recall": 0.9944889779559118,
  "f1": 0.9957361424630048
}