{
  "accuracy": 0.99525,
  "precision": 0.9959859508278976,
  "recall": 0.9944889779559118,
  "f1": 0.9952369014790674
}