{
  "accuracy": 0.9775,
  "precision": 0.9897435897435898,
  "recall": 0.965,
  "f1": 0.9772151898734177
}