{
  "accuracy": 0.9945,
  "precision": 0.9974798387096774,
  "recall": 0.9914829659318637,
  "f1": 0.9944723618090452
}