{
  "accuracy": 0.98775,
  "precision": 0.9904282115869018,
  "recall": 0.9849699398797596,
  "f1": 0.9876915347902537
}